	SENTENCE	CONDITION	MODAL VERB	SYSTEM_NAME	ACTOR	OBJECT + COMPLEMENT	VERB
0	Die OPENCOSS-Plattform muss dem Nutzer die Möglichkeit bieten, die für ein Sicherungsprojekt vorzulegenden Nachweis-Items anzugeben.		muss	Die OPENCOSS-Plattform	Nutzer	die für ein Sicherungsprojekt vorzulegenden Nachweis-Items	anzugeben
1	Die OPENCOSS-Plattform muss dem Nutzer die Möglichkeit bieten, die Nachweisarten der für ein Sicherungsprojekt zu liefernden Nachweis-Items anzugeben.		muss	Die OPENCOSS-Plattform	Nutzer	die Nachweisarten der für ein Sicherungsprojekt zu liefernden Nachweis-Items	anzugeben
2	Die OPENCOSS-Plattform muss dem Nutzer die Möglichkeit bieten, ein vorhandenes Nachweis-Charakterisierungsmodell für ein Sicherungsprojekt auszuwählen.		muss	Die OPENCOSS-Plattform	Nutzer	ein vorhandenes Nachweis-Charakterisierungsmodell für ein Sicherungsprojekt	auszuwählen
3	Die OPENCOSS-Plattform muss die Merkmale der Nachweis-Items eines Sicherungsprojekts gemäß der CCL speichern.		muss	Die OPENCOSS-Plattform		die Merkmale der Nachweis-Items eines Sicherungsprojekts gemäß der CCL	speichern
4	Die OPENCOSS-Plattform muss dem Nutzer die Möglichkeit bieten, die Nachweisart für das gegebene Nachweis-Item eines Sicherungsprojekts anzugeben.		muss	Die OPENCOSS-Plattform	Nutzer	die Nachweisart für das gegebene Nachweis-Item eines Sicherungsprojekts	anzugeben
5	Die OPENCOSS-Plattform muss dem Nutzer die Möglichkeit bieten, Nachweisarten, die bereits in anderen Pojekten definiert wurden, in Sicherungsprojekten wiederzuverwenden.		muss	Die OPENCOSS-Plattform	Nutzer	Nachweisarten, die bereits in anderen Pojekten definiert wurden, in Sicherungsprojekten	wiederzuverwenden
6	Die OPENCOSS-Plattform muss dem Nutzer die Möglichkeit bieten, das Artefakt, mit dem die Nachweis-Items eines Sicherungsprojekts verbunden sind, anzugeben		muss	Die OPENCOSS-Plattform	Nutzer	das Artefakt, mit dem die Nachweis-Items eines Sicherungsprojekts verbunden sind	anzugeben
7	Die OPENCOSS-Plattform muss die CCL-Informationen des Artefakts, mit dem ein Nachweis-Item eines Sicherungsprojekts verbunden ist, speichern.		muss	Die OPENCOSS-Plattform		die CCL-Informationen des Artefakts, mit dem ein Nachweis-Item eines Sicherungsprojekts verbunden ist	speichern
8	Die OPENCOSS-Plattform muss dem Nutzer die Möglichkeit bieten, die Informationen über das Artefakt, mit dem ein Nachweis-Item eines Sicherungsprojekts verbunden ist, zu ändern.		muss	Die OPENCOSS-Plattform	Nutzer	die Informationen über das Artefakt, mit dem ein Nachweis-Item eines Sicherungsprojekts verbunden ist	ändern
9	Die OPENCOSS-Plattform muss dem Nutzer die Möglichkeit bieten, Nachweis-Items eines Sicherungsprojekts mit einem Artefakt, das in einem anderen Projekt verwendet wurde, zu verknüpfen.		muss	Die OPENCOSS-Plattform	Nutzer	Nachweis-Items eines Sicherungsprojekts mit einem Artefakt, das in einem anderen Projekt verwendet wurde	verknüpfen
10	Die OPENCOSS-Plattform muss dem Nutzer die Möglichkeit bieten, Nachweis-Items eines Sicherungsprojekts zu löschen.		muss	Die OPENCOSS-Plattform	Nutzer	Nachweis-Items eines Sicherungsprojekts	löschen
11	Wenn ein Nutzer ein Nachweis-Item aus einem Sicherungsprojekt löschen möchte, muss die OPENCOSS-Plattform vom Nutzer eine Bestätigung für diese Aktion und die nachfolgenden damit verbundenen Aktionen anfordern.	Wenn ein Nutzer ein Nachweis-Item aus einem Sicherungsprojekt löschen möchte	muss	die OPENCOSS-Plattform		vom Nutzer eine Bestätigung für diese Aktion und die nachfolgenden damit verbundenen Aktionen	anfordern
12	Wenn ein Nachweis-Item aus einem Sicherungsprojekt gelöscht wird, muss die OPENCOSS-Plattform alle Beweisinformationen (Arten und Merkmale), die sich auf das Nachweis-Item aus dem Projekt beziehen löschen.	Wenn ein Nachweis-Item aus einem Sicherungsprojekt gelöscht wird	muss	die OPENCOSS-Plattform		alle Beweisinformationen (Arten und Merkmale), die sich auf das Nachweis-Item aus dem Projekt beziehen	löschen
13	Wenn ein Nachweis-Item aus einem Sicherungsprojekt gelöscht wird und sein zugehöriges Artefakt nicht mit anderen Nachweis-Itemsn verbunden ist, muss die OPENCOSS-Plattform das Artefakt aus dem Projekt löschen.	Wenn ein Nachweis-Item aus einem Sicherungsprojekt gelösch	wird	sein zugehöriges Artefakt		nicht mit anderen Nachweis-Itemsn verbunden ist, muss die OPENCOSS-Plattform das Artefakt aus dem Projekt	löschen
14	Die OPENCOSS-Plattform muss dem Nutzer die Möglichkeit bieten, die Informationen der Nachweis-Items eines Sicherungsprojekts zu ändern.		muss	Die OPENCOSS-Plattform	Nutzer	die Informationen der Nachweis-Items eines Sicherungsprojekts	ändern
15	Die OPENCOSS-Plattform muss dem Nutzer die Möglichkeit bieten, Nachweis-Items in ein Sicherungsprojekt zu kopieren, die zuvor in einem anderen Sicherungsprojekt gespeichert wurden.		muss	Die OPENCOSS-Plattform	Nutzer	Nachweis-Items in ein Sicherungsprojekt zu kopieren, die zuvor in einem anderen Sicherungsprojekt gespeichert	wurden
16	Die OPENCOSS-Plattform muss die Zeit und das Datum der Aktionen, die an den Nachweis-Items eines Sicherungsprojekts durchgeführt wurden, speichern.		muss	Die OPENCOSS-Plattform		die Zeit und das Datum der Aktionen, die an den Nachweis-Items eines Sicherungsprojekts durchgeführt wurden	speichern
17	Die OPENCOSS-Plattform muss das Nachweis-Repository eines Sicherungsprojekts aus dessen Nachweis-Charakterisierungsmodell erstellen.		muss	Die OPENCOSS-Plattform		das Nachweis-Repository eines Sicherungsprojekts aus dessen Nachweis-Charakterisierungsmodell	erstellen
18	Die OPENCOSS-Plattform muss dem Nutzer die Möglichkeit bieten, Merkmalsspezifikationen des Nachweis-Items eines Sicherungsprojekts als vollständig auszuzeichnen.		muss	Die OPENCOSS-Plattform	Nutzer	Merkmalsspezifikationen des Nachweis-Items eines Sicherungsprojekts als vollständig	auszuzeichnen
19	Wenn die Merkmalsspezifikatoin für ein Nachweis-Item eines Sicherungsprojekts als vollständig angesehen wird, muss die OPENCOSS-Plattform das Nachweis-Item grün einfärben.	Wenn die Merkmalsspezifikatoin für ein Nachweis-Item eines Sicherungsprojekts als vollständig angesehen wird	muss	die OPENCOSS-Plattform		das Nachweis-Item grün	einfärben
20	Wenn die Merkmalsspezifikation für ein Nachweis-Item eines Sicherungsprojekts nicht als vollständig angesehen wird, muss die OPENCOSS-Plattform das Nachweis-Item gelb einfärben.	Wenn die Merkmalsspezifikation für ein Nachweis-Item eines Sicherungsprojekts nicht als vollständig angesehen wird	muss	die OPENCOSS-Plattform		das Nachweis-Item gelb	einfärben
21	Die OPENCOSS-Plattform muss die Menge der Nachweis-Items eines Sicherungsprojekts mittels einer Baumansicht anzeigen.		muss	Die OPENCOSS-Plattform		die Menge der Nachweis-Items eines Sicherungsprojekts mittels einer Baumansicht	anzeigen
22	Die OPENCOSS-Plattform muss dem Nutzer die Möglichkeit bieten, für die Anzeige der Nachweis-Items eines Sicherungsprojekts Zwischenknoten in der Baumansicht zu definieren.		muss	Die OPENCOSS-Plattform	Nutzer	für die Anzeige der Nachweis-Items eines Sicherungsprojekts Zwischenknoten in der Baumansicht	definieren
23	Die OPENCOSS-Plattform muss dem Nutzer die Möglichkeit bieten, für die Anzeige der Nachweis-Items eines Sicherungsprojekts Zwischenknoten in der Baumansicht zu modifizieren.		muss	Die OPENCOSS-Plattform	Nutzer	für die Anzeige der Nachweis-Items eines Sicherungsprojekts Zwischenknoten in der Baumansicht	modifizieren
24	Die OPENCOSS-Plattform muss dem Nutzer die Möglichkeit bieten, für die Anzeige der Nachweis-Items eines Sicherungsprojekts Zwischenknoten in der Baumansicht zu löschen.		muss	Die OPENCOSS-Plattform	Nutzer	für die Anzeige der Nachweis-Items eines Sicherungsprojekts Zwischenknoten in der Baumansicht	löschen
25	Die OPENCOSS-Plattform muss dem Nutzer die Möglichkeit bieten, für die Anzeige der Nachweis-Items eines Sicherungsprojekts in der Baumansicht Zwischenknoten mit Nachweis-Items zu verknüpfen.		muss	Die OPENCOSS-Plattform	Nutzer	für die Anzeige der Nachweis-Items eines Sicherungsprojekts in der Baumansicht Zwischenknoten mit Nachweis-Items	verknüpfen
26	Wenn für ein Sicherungsprojekts ein Nachweis-Charakterisierungsmodell ausgewählt wurde, muss die OPENCOSS-Plattform Zwischenknoten für die Baumansicht zur Anzeige der Nachweis-Items eines Projekts gemäß dem Nachweis-Charakterisierungsmodell vorschlagen.	Wenn für ein Sicherungsprojekts ein Nachweis-Charakterisierungsmodell ausgewählt wurde	muss	die OPENCOSS-Plattform		Zwischenknoten für die Baumansicht zur Anzeige der Nachweis-Items eines Projekts gemäß dem Nachweis-Charakterisierungsmodell	vorschlagen
27	Die OPENCOSS-Plattform muss dem Nutzer die Möglichkeit bieten, die Nachweis-Items eines Sicherungsprojekts in die Baumstruktur, zur Anzeige der Nachweis-Items eines Projekts, aufzunehmen.		muss	Die OPENCOSS-Plattform	Nutzer	die Nachweis-Items eines Sicherungsprojekts in die Baumstruktur, zur Anzeige der Nachweis-Items eines Projekts	aufzunehmen
28	Wenn ein Nachweis-Charakterisierungsmodell für ein Sicherungsprojekts ausgewählt wurde, die Nachweis-Items des Projekts mit Nachweisarten verknüpft sind und die Nachweisarten für die Definition von Zwischenknoten der Baumansicht, zur Anzeige der Nachweis-Items des Projekts, verwendet wurden, muss die OPENCOSS-Plattform die Nachweis-Items des Projekts automatisch in die Knoten der Baumansicht ihrer verknüpften Nachweisarten aufnehmen.	Wenn ein Nachweis-Charakterisierungsmodell für ein Sicherungsprojekts ausgewählt wurde, die Nachweis-Items des Projekts mit Nachweisarten verknüpft sind und die Nachweisarten für die Definition von Zwischenknoten der Baumansicht, zur Anzeige der Nachweis-Items des Projekts, verwendet wurden	muss	die OPENCOSS-Plattform		die Nachweis-Items des Projekts automatisch in die Knoten der Baumansicht ihrer verknüpften Nachweisarten	aufnehmen
29	Die OPENCOSS-Plattform muss fähig sein, Berichte über den Nachweisbeleg eines Sicherungsprojekts in Form von HTML-Dateien zu generieren.		muss	Die OPENCOSS-Plattform		Berichte über den Nachweisbeleg eines Sicherungsprojekts in Form von HTML-Dateien	generieren
30	Die OPENCOSS-Plattform muss fähig sein, Berichte über den Nachweisbeleg eines Sicherungsprojekts anhand von Dokumenten in den Formaten PDF, RTF und MS Word zu erstellen.		muss	Die OPENCOSS-Plattform		Berichte über den Nachweisbeleg eines Sicherungsprojekts anhand von Dokumenten in den Formaten PDF, RTF und MS Word	erstellen
31	Die OPENCOSS-Plattform muss dem Nutzer die Möglichkeit bieten, Informationen, die in den Berichten über die Nachweisbelege eines Sicherungsprojekts enthalten sein sollen, anzugeben.		muss	Die OPENCOSS-Plattform	Nutzer	Informationen, die in den Berichten über die Nachweisbelege eines Sicherungsprojekts enthalten sein sollen	anzugeben
32	Die OPENCOSS-Plattform muss dem Nutzer die Möglichkeit bieten, Nachweisrückverfolgbarkeitslinks zwischen den Nachweis-Items eines Sicherungsprojekts zu spezifizieren.		muss	Die OPENCOSS-Plattform	Nutzer	Nachweisrückverfolgbarkeitslinks zwischen den Nachweis-Items eines Sicherungsprojekts	spezifizieren
33	Die OPENCOSS-Plattform muss die Informationen der Nachweisrückverfolgbarkeitslinks eines Sicherungsprojekts gemäß der CCL speichern.		muss	Die OPENCOSS-Plattform		die Informationen der Nachweisrückverfolgbarkeitslinks eines Sicherungsprojekts gemäß der CCL	speichern
34	Die OPENCOSS-Plattform muss dem Nutzer die Möglichkeit bieten, für ein Sicherungsprojekt Link-Typen für die Nachweisrückverfolgbarkeitslinks zu definieren.		muss	Die OPENCOSS-Plattform	Nutzer	für ein Sicherungsprojekt Link-Typen für die Nachweisrückverfolgbarkeitslinks	definieren
35	Die OPENCOSS-Plattform muss dem Nutzer die Möglichkeit bieten, die in einem anderen Projekt definierten Link-Typen der Nachweisrückverfolgbarkeitslinks in einem Sicherungsprojekt wiederzuverwenden.		muss	Die OPENCOSS-Plattform	Nutzer	die in einem anderen Projekt definierten Link-Typen der Nachweisrückverfolgbarkeitslinks in einem Sicherungsprojekt	wiederzuverwenden
36	Die OPENCOSS-Plattform muss die Nachweis-Items eines Sicherungsprojekts, die die Quelle eines Nachweisrückverfolgbarkeitslinks sind, für die wiederum ein bestimmtes Nachweis-Item das Ziel ist, anzeigen.		muss	Die OPENCOSS-Plattform		die Nachweis-Items eines Sicherungsprojekts, die die Quelle eines Nachweisrückverfolgbarkeitslinks sind, für die wiederum ein bestimmtes Nachweis-Item das Ziel ist	anzeigen
37	Die OPENCOSS-Plattform muss die Nachweis-Items eines Sicherungsprojekts, die das Ziel von Nachweisrückverfolgbarkeitslinks sind, für die wiederum ein bestimmtes Nachweis-Item die Quelle ist, anzeigen.		muss	Die OPENCOSS-Plattform		die Nachweis-Items eines Sicherungsprojekts, die das Ziel von Nachweisrückverfolgbarkeitslinks sind, für die wiederum ein bestimmtes Nachweis-Item die Quelle ist	anzeigen
38	Wenn für ein Sicherungsprojekts ein Nachweis-Charakterisieungsmodell ausgewählt wurde und für ein Nachweis-Item des Projekts ein Nachweisrückverfolgbarkeitslink angegeben wurde, muss die OPENCOSS-Plattform die Information, ob der Nachweisrückverfolgbarkeitslink gemäß dem Modell korrekt ist, anzeigen.	Wenn für ein Sicherungsprojekts ein Nachweis-Charakterisieungsmodell ausgewählt wurde und für ein Nachweis-Item des Projekts ein Nachweisrückverfolgbarkeitslink angegeben wurde	muss	die OPENCOSS-Plattform		die Information, ob der Nachweisrückverfolgbarkeitslink gemäß dem Modell korrekt ist	anzeigen
39	Wenn ein Nachweisrückverfolgbarkeitslink eines Sicherungsprojekts gemäß dem für das Projekt gewählten Nachweis-Charakterisierungsmodell nicht korrekt ist, muss die OPENCOSS-Plattform einen solchen Link rot einfärben.	Wenn ein Nachweisrückverfolgbarkeitslink eines Sicherungsprojekts gemäß dem für das Projekt gewählten Nachweis-Charakterisierungsmodell nicht korrekt ist	muss	die OPENCOSS-Plattform		einen solchen Link rot	einfärben
40	Wenn für ein Sicherungsprojekt ein Nachweis-Charakterisierungmodell zur Spezifikation von Nachweisrückverfolgbarkeitslinks für ein Nachweis-Item des Projekts ausgewählt wurde, muss die OPENCOSS-Plattform mögliche Nachweis-Items, mit denen gemäß dem Modell Nachweisrückverfolgbarkeitslinks spezifiziert werden könnten, anzeigen.	Wenn für ein Sicherungsprojekt ein Nachweis-Charakterisierungmodell zur Spezifikation von Nachweisrückverfolgbarkeitslinks für ein Nachweis-Item des Projekts ausgewählt wurde	muss	die OPENCOSS-Plattform		mögliche Nachweis-Items, mit denen gemäß dem Modell Nachweisrückverfolgbarkeitslinks spezifiziert werden könnten	anzeigen
41	Die OPENCOSS-Plattform muss dem Nutzer die Möglichkeit bieten, Nachweisrückverfolgbarkeitslinks eines Sicherungsprojekts zu löschen.		muss	Die OPENCOSS-Plattform	Nutzer	Nachweisrückverfolgbarkeitslinks eines Sicherungsprojekts	löschen
42	Wenn ein Nutzer einen Nachweisrückverfolgbarkeitslink eines Sicherungsprojekts löschen möchte, muss die OPENCOSS-Plattform eine Bestätigung der Aktion durch den Benutzer verlangen.	Wenn ein Nutzer einen Nachweisrückverfolgbarkeitslink eines Sicherungsprojekts löschen möchte	muss	die OPENCOSS-Plattform		eine Bestätigung der Aktion durch den Benutzer	verlangen
43	Wenn ein Nachweis-Item eines Sicherungsprojekts die Quelle oder das Ziel eines Nachweisrückverfolgbarkeitslinks ist und das Nachweis-Item aus dem Projekt gelöscht wird, muss die OPENCOSS-Plattform auch den Nachweisrückverfolgbarkeitslink aus dem Projekt entfernen.	Wenn ein Nachweis-Item eines Sicherungsprojekts die Quelle oder das Ziel eines Nachweisrückverfolgbarkeitslinks ist und das Nachweis-Item aus dem Projekt gelöscht wird	muss	die OPENCOSS-Plattform		auch den Nachweisrückverfolgbarkeitslink aus dem Projekt	entfernen
44	Wenn ein Nachweis-Charakterisierungsmodell für ein Sicherungsprojekt ausgewählt wurde, muss die OPENCOSS-Plattform die erforderlichen fehlenden Links entsprechend dem Modell anzeigen.	Wenn ein Nachweis-Charakterisierungsmodell für ein Sicherungsprojekt ausgewählt wurde	muss	die OPENCOSS-Plattform		die erforderlichen fehlenden Links entsprechend dem Modell	anzeigen
45	Die OPENCOSS-Plattform muss fähig sein Nachweisrückverfolgbarkeitslinks zwischen den Nachweis-Items eines Sicherungsprojekts mit Hilfe von Rückverfolgbarkeitsmatrizen aufzuzeigen.		muss	Die OPENCOSS-Plattform		Nachweisrückverfolgbarkeitslinks zwischen den Nachweis-Items eines Sicherungsprojekts mit Hilfe von Rückverfolgbarkeitsmatrizen	aufzuzeigen
46	Bei der Verwendung von Matrizen zur Darstellung der Nachweisrückverfolgbarkeitslinks eines Sicherungsprojekts muss die OPENCOSS-Plattform dem Nutzer die Möglichkeit bieten, Quell- und Zielnachweisarten aus anderen Verlinkungs-Matrizen auszuwählen.	Bei der Verwendung von Matrizen zur Darstellung der Nachweisrückverfolgbarkeitslinks eines Sicherungsprojekt	muss	die OPENCOSS-Plattform	Nutzer	Quell- und Zielnachweisarten aus anderen Verlinkungs-Matrizen	auszuwählen
47	Die OPENCOSS-Plattform muss dem Nutzer die Möglichkeit bieten, Nachweisrückverfolgbarkeitslinks in Rückverfolgbarkeitsmatrizen zu spezifizieren.		muss	Die OPENCOSS-Plattform	Nutzer	Nachweisrückverfolgbarkeitslinks in Rückverfolgbarkeitsmatrizen	spezifizieren
48	Die OPENCOSS-Plattform muss fähig sein, die Beweisketten, zu denen ein Nachweis-Item eines Sicherungsprojekts gehört, anhand von Modellen darzustellen.		muss	Die OPENCOSS-Plattform		die Beweisketten, zu denen ein Nachweis-Item eines Sicherungsprojekts gehört, anhand von Modellen	darzustellen
49	Die OPENCOSS-Plattform muss dem Nutzer die Möglichkeit bieten, Tabellen zur Darstellung der Nachweis-Item-Rückverfolgbarkeit eines Sicherungsprojekts zu definieren.		muss	Die OPENCOSS-Plattform	Nutzer	Tabellen zur Darstellung der Nachweis-Item-Rückverfolgbarkeit eines Sicherungsprojekts	definieren
50	Bei der Darstellung der Nachweis-Item-Rückverfolgbarkeit mittels Tabellen muss die OPENCOSS-Plattform, die Angabe der Nachweisarten, die in die Tabelle aufgenommen werden sollen, verlangen.	Bei der Darstellung der Nachweis-Item-Rückverfolgbarkeit mittels Tabelle	muss	die OPENCOSS-Plattform		die Angabe der Nachweisarten, die in die Tabelle aufgenommen werden sollen	verlangen
51	Die OPENCOSS-Plattform wird für jede Nachweisart, die vom Nutzer in eine Tabelle zur Visualisierung der Rückverfolgbarkeit aufgenommen werden soll, eine Spalte innerhalb dieser Tabelle vorhalten.		wird	Die OPENCOSS-Plattform		für jede Nachweisart, die vom Nutzer in eine Tabelle zur Visualisierung der Rückverfolgbarkeit aufgenommen werden soll, eine Spalte innerhalb dieser Tabelle	vorhalten
52	Die OPENCOSS-Plattform muss dem Nutzer die Möglichkeit bieten, Nachweisrückverfolgbarkeitslinks in Rückverfolgbarkeitstabellen zu spezifizieren.		muss	Die OPENCOSS-Plattform	Nutzer	Nachweisrückverfolgbarkeitslinks in Rückverfolgbarkeitstabellen	spezifizieren
53	Bei der Verwendung von Tabellen zur Sicherung der Rückverfolgbarkeit von Nachweisen in einem Sicherungsprojekt muss die OPENCOSS-Plattform dem Nutzer die Möglichkeit bieten,  Nachweisarten aus einer anderen Tabelle auszuwählen.	Bei der Verwendung von Tabellen zur Sicherung der Rückverfolgbarkeit von Nachweisen in einem Sicherungsprojek	muss	die OPENCOSS-Plattform	Nutzer	 Nachweisarten aus einer anderen Tabelle	auszuwählen
54	Die OPENCOSS-Plattform muss dem Nutzer die Möglichkeit bieten, Nachweis-Items eines Sicherungsprojekts nach den Bewertungskriterien aus der CCL zu bewerten.		muss	Die OPENCOSS-Plattform	Nutzer	Nachweis-Items eines Sicherungsprojekts nach den Bewertungskriterien aus der CCL	bewerten
55	Die OPENCOSS-Plattform muss dem Nutzer die Möglichkeit bieten, die Begründung für die Bewertung eines Nachweis-Items eines Sicherungsprojekts zu spezifizieren.		muss	Die OPENCOSS-Plattform	Nutzer	die Begründung für die Bewertung eines Nachweis-Items eines Sicherungsprojekts	spezifizieren
56	Wenn ein Nachweis-Item eines Sicherungsprojekts mit anderen Nachweis-Items des Projekts über einen Nachweisrückverfolgbarkeitslink verbunden ist, muss die OPENCOSS-Plattform den Nutzer über die mögliche Abhängigkeit der Bewertung des Nachweis-Items von der Bewertung der anderen Nachweis-Items informieren.	Wenn ein Nachweis-Item eines Sicherungsprojekts mit anderen Nachweis-Items des Projekts über einen Nachweisrückverfolgbarkeitslink verbunden ist	muss	die OPENCOSS-Plattform		den Nutzer über die mögliche Abhängigkeit der Bewertung des Nachweis-Items von der Bewertung der anderen Nachweis-Items	informieren
57	Die OPENCOSS-Plattform muss dem Nutzer die Möglichkeit bieten, Kriterien für die Bewertung der Nachweis-Items eines Sicherungsprojekts zu definieren.		muss	Die OPENCOSS-Plattform	Nutzer	Kriterien für die Bewertung der Nachweis-Items eines Sicherungsprojekts	definieren
58	Die OPENCOSS-Plattform muss dem Nutzer die Möglichkeit bieten, Kriterien für die Bewertung der Nachweis-Items eines Sicherungsprojekts zu ändern.		muss	Die OPENCOSS-Plattform	Nutzer	Kriterien für die Bewertung der Nachweis-Items eines Sicherungsprojekts	ändern
59	Die OPENCOSS-Plattform muss dem Nutzer die Möglichkeit bieten, Nachweis-Items eines Projekts nach den Bewertungskriterien von Nachweis-Items aus anderen Sicherungsprojekten zu bewerten.		muss	Die OPENCOSS-Plattform	Nutzer	Nachweis-Items eines Projekts nach den Bewertungskriterien von Nachweis-Items aus anderen Sicherungsprojekten	bewerten
60	Die OPENCOSS-Plattform muss dem Nutzer die Möglichkeit bieten, Bewertungskategorien für die Bewertungskriterien der Nachweis-Items eines Sicherungsprojekts zu definieren.		muss	Die OPENCOSS-Plattform	Nutzer	Bewertungskategorien für die Bewertungskriterien der Nachweis-Items eines Sicherungsprojekts	definieren
61	Die OPENCOSS-Plattform muss dem Nutzer die Möglichkeit bieten, die für die Bewertungskriterien der Nachweis-Items eines Sicherungsprojekts definierten Bewertungskategorien zu ändern.		muss	Die OPENCOSS-Plattform	Nutzer	die für die Bewertungskriterien der Nachweis-Items eines Sicherungsprojekts definierten Bewertungskategorien	ändern
62	Die OPENCOSS-Plattform muss dem Nutzer die Möglichkeit bieten, Naschweis-Items eines Sicherungsprojekts mit Bewertungskategorien für die in anderen Projekten definierten Bewertungskriterien zu bewerten.		muss	Die OPENCOSS-Plattform	Nutzer	Naschweis-Items eines Sicherungsprojekts mit Bewertungskategorien für die in anderen Projekten definierten Bewertungskriterien	bewerten
63	Die OPENCOSS-Plattform muss dem Nutzer die Möglichkeit bieten, die Bewertung der Nachweis-Items eines Sicherungsprojekts bei Verfolgung der Änderungshistorie zu ändern.		muss	Die OPENCOSS-Plattform	Nutzer	die Bewertung der Nachweis-Items eines Sicherungsprojekts bei Verfolgung der Änderungshistorie	ändern
64	Die OPENCOSS-Plattform muss dem Nutzer die Möglichkeit bieten, Aktionen, die für den Nachweisbeleg eines Sicherungsprojekts benötigt werden, als Ergebnis der Nachweisbewertung zu spezifizieren.		muss	Die OPENCOSS-Plattform	Nutzer	Aktionen, die für den Nachweisbeleg eines Sicherungsprojekts benötigt werden, als Ergebnis der Nachweisbewertung	spezifizieren
65	Die OPENCOSS-Plattform muss dem Nutzer die Möglichkeit bieten, die als Ergebnis der Nachweisbewertung erhaltenen Informationen über auszuführende Aktionen in einem Sicherungsprojekts per E-Mail zu verschicken.		muss	Die OPENCOSS-Plattform	Nutzer	die als Ergebnis der Nachweisbewertung erhaltenen Informationen über auszuführende Aktionen in einem Sicherungsprojekts per E-Mail	verschicken
66	Die OPENCOSS-Plattform muss dem Nutzer die Möglichkeit bieten, die als Ergebnis der Nachweisbewertung erhaltenen Nachweis-Items, die verknüpft sind mit Aktionen, welche im Nachweisbeleg eines Sicherungsprojekts benötigt werden, anzugeben.		muss	Die OPENCOSS-Plattform	Nutzer	die als Ergebnis der Nachweisbewertung erhaltenen Nachweis-Items, die verknüpft sind mit Aktionen, welche im Nachweisbeleg eines Sicherungsprojekts benötigt werden	anzugeben
67	Wenn ein Nachweis-Item eines Sicherungsprojekts mit Aktionen verknüpft wurde, die als Ergebnis der Nachweisbewertung durchzuführen sind, muss die OPENCOSS-Plattform ein solches Nachweis-Item rot einfärben.	Wenn ein Nachweis-Item eines Sicherungsprojekts mit Aktionen verknüpft wurde, die als Ergebnis der Nachweisbewertung durchzuführen sind	muss	die OPENCOSS-Plattform		ein solches Nachweis-Item rot	einfärben
68	"Die OPENCOSS-Plattform muss den Status einer Aktion, die in einem Sicherungsprojekt als Ergebnis der Nachweisbewertung erforderlich ist, falls dieser ""noch ausstehend"" oder ""adressiert"" ist, aufzeichnen."		muss	Die OPENCOSS-Plattform		"den Status einer Aktion, die in einem Sicherungsprojekt als Ergebnis der Nachweisbewertung erforderlich ist, falls dieser ""noch ausstehend"" oder ""adressiert"" ist"	aufzeichnen
69	Die OPENCOSS-Plattform muss Aktionen, die in einem Sicherungsprojekt als Ergebnis der Nachweisbewertung erforderlich sind, aufzeigen.		muss	Die OPENCOSS-Plattform		Aktionen, die in einem Sicherungsprojekt als Ergebnis der Nachweisbewertung erforderlich sind	aufzeigen
70	Die OPENCOSS-Plattform muss dem Nutzer die Möglichkeit bieten, die Information, ob eine im Sicherungsprojekt als Ergebnis der Nachweisbewertung erforderliche Aktion adressiert wurde, anzugeben.		muss	Die OPENCOSS-Plattform	Nutzer	die Information, ob eine im Sicherungsprojekt als Ergebnis der Nachweisbewertung erforderliche Aktion adressiert wurde	anzugeben
71	"Wenn der Status einer Aktion, die in einem Sicherungsprojekt als Ergebnis der Nachweisbewertung erforderlich ist, ""noch ausstehend"" ist, muss die OPENCOSS-Plattform eine solche Aktion rot einfärben."	Wenn der Status einer Aktion	die	die OPENCOSS-Plattform		eine solche Aktion rot	einfärben
72	Wenn alle in einem Sicherungsprojekts zu erbringenden Nachweis-Items gemäß dem Nachweis-Charakterisierungsmodell des Projekts erbracht wurden, muss die OPENCOSS-Plattform die Information, dass der Nachweisbeleg des Sicherungsprojekts als vollständig betrachtet werden kann, anzeigen.	Wenn alle in einem Sicherungsprojekts zu erbringenden Nachweis-Items gemäß dem Nachweis-Charakterisierungsmodell des Projekts erbracht wurden	muss	die OPENCOSS-Plattform		die Information, dass der Nachweisbeleg des Sicherungsprojekts als vollständig betrachtet werden kann	anzeigen
73	Wenn der Nachweisbeleg eines Sicherungsprojekts als vollständig betrachtet wird, alle Nachweisrückverfolgbarkeitslinks des Projekts korrekt sind, es keine noch ausstehenden Aktionen im Projekt gibt und die aus externen Werkzeugen im Projekt importierten Informationen synchronisiert sind, muss die OPENCOSS-Plattform die Information, dass der Nachweisbeleg eines Sicherungsprojekts als angemessen betrachtet werden kann, anzeigen.	Wenn der Nachweisbeleg eines Sicherungsprojekts als vollständig betrachtet wird, alle Nachweisrückverfolgbarkeitslinks des Projekts korrekt sind, es keine noch ausstehenden Aktionen im Projekt gibt und die aus externen Werkzeugen im Projekt importierten Informationen synchronisiert sind	muss	die OPENCOSS-Plattform		die Information, dass der Nachweisbeleg eines Sicherungsprojekts als angemessen betrachtet werden kann	anzeigen
74	Wenn ein Nachweis-Item in einem Sicherungsprojekts geändert wird, muss die OPENCOSS-Plattform die von der Änderung betroffenen Nachweis-Items des Sicherungsprojekts anzeigen.	Wenn ein Nachweis-Item in einem Sicherungsprojekts geändert wird	muss	die OPENCOSS-Plattform		die von der Änderung betroffenen Nachweis-Items des Sicherungsprojekts	anzeigen
75	Bei Änderung eines Nachweis-Items in einem Sicherungsprojekt, muss die OPENCOSS-Plattform, die Nachweisrückverfolgbarkeitslinks des von der Änderung betroffenen Sicherungsprojekts anzeigen.	Bei Änderung eines Nachweis-Items in einem Sicherungsprojekt	muss	die OPENCOSS-Plattform		die Nachweisrückverfolgbarkeitslinks des von der Änderung betroffenen Sicherungsprojekts	anzeigen
76	Wenn bei Änderung eines Nachweis-Items eines Sicherungsprojekts andere Nachweis-Items betroffen sind, muss die OPENCOSS-Plattform vom Nutzer eine Änderungsbestätigung verlangen.	Wenn bei Änderung eines Nachweis-Items eines Sicherungsprojekts andere Nachweis-Items betroffen sind	muss	die OPENCOSS-Plattform		vom Nutzer eine Änderungsbestätigung	verlangen
77	Wenn ein Nutzer eine mögliche Änderung in einem Nachweis-Item eines Sicherungsprojekts angegeben hat, muss die OPENCOSS-Plattform die Nachweis-Items des Sicherungsprojekts anzeigen, die von der Änderung betroffen wären.	Wenn ein Nutzer eine mögliche Änderung in einem Nachweis-Item eines Sicherungsprojekts angegeben hat	muss	die OPENCOSS-Plattform		die Nachweis-Items des Sicherungsprojekts anzeigen, die von der Änderung betroffen	wären
78	Die OPENCOSS-Plattform muss dem Nutzer die Möglichkeit bieten, Aktionen, die im Nachweisbeleg eines Sicherungsprojekts infolge einer Änderung eines Nachweis-Items erforderlich sind, zu spezifizieren.		muss	Die OPENCOSS-Plattform	Nutzer	Aktionen, die im Nachweisbeleg eines Sicherungsprojekts infolge einer Änderung eines Nachweis-Items erforderlich sind	spezifizieren
79	Die OPENCOSS-Plattform muss dem Nutzer die Möglichkeit bieten, infolge von Änderungen an Nachweis-Items, diejenigen Nachweis-Items, die mit Aktionen verknüpft sind, welche im Nachweisbeleg eines Sicherungsprojekts benötigt werden, anzugeben.		muss	Die OPENCOSS-Plattform	Nutzer	infolge von Änderungen an Nachweis-Items, diejenigen Nachweis-Items, die mit Aktionen verknüpft sind, welche im Nachweisbeleg eines Sicherungsprojekts benötigt werden	anzugeben
80	Die OPENCOSS-Plattform muss dem Nutzer die Möglichkeit bieten, infolge der Änderung eines Nachweis-Items, diejenigen Nachweisrückverfolgbarkeitslinks, die mit Aktionen verknüpft sind, welche im Nachweisbeleg eines Sicherungsprojekts benötigt werden, anzugeben.		muss	Die OPENCOSS-Plattform	Nutzer	infolge der Änderung eines Nachweis-Items, diejenigen Nachweisrückverfolgbarkeitslinks, die mit Aktionen verknüpft sind, welche im Nachweisbeleg eines Sicherungsprojekts benötigt werden	anzugeben
81	Die OPENCOSS-Plattform muss Aktionen, die nach der Genehmigung der Änderung eines Nachweis-Items eines Sicherungsprojekts durchzuführen sind, vorschlagen.		muss	Die OPENCOSS-Plattform		Aktionen, die nach der Genehmigung der Änderung eines Nachweis-Items eines Sicherungsprojekts durchzuführen sind	vorschlagen
82	Die OPENCOSS-Plattform muss dem Nutzer die Möglichkeit bieten, Informationen über Aktionen, die in einem Sicherungsprojekt aufgrund von Änderungen an Nachweis-Items entstehenden und durchzuführenden sind, per E-Mail zu verschicken.		muss	Die OPENCOSS-Plattform	Nutzer	Informationen über Aktionen, die in einem Sicherungsprojekt aufgrund von Änderungen an Nachweis-Items entstehenden und durchzuführenden sind, per E-Mail	verschicken
83	"Die OPENCOSS-Plattform muss nach Änderung eines Nachweis-Items, den Status der im Sicherungsprojekt benötigten Aktionen, falls diese ""noch ausstehend"" oder ""adressiert"" sind, aufzeichnen."		muss	Die OPENCOSS-Plattform		"nach Änderung eines Nachweis-Items, den Status der im Sicherungsprojekt benötigten Aktionen, falls diese ""noch ausstehend"" oder ""adressiert"" sind"	aufzeichnen
84	Die OPENCOSS-Plattform muss im Sicherungsprojekt erforderliche Aktionen infolge von Änderungen an Nachweis-Items aufzeigen.		muss	Die OPENCOSS-Plattform		im Sicherungsprojekt erforderliche Aktionen infolge von Änderungen an Nachweis-Items	aufzeigen
85	Die OPENCOSS-Plattform muss dem Nutzer die Möglichkeit bieten, die Information, ob eine im Sicherungsprojekt aufgrund der Änderung eines Nachweis-Items erforderliche Aktion adressiert wurde, anzugeben.		muss	Die OPENCOSS-Plattform	Nutzer	die Information, ob eine im Sicherungsprojekt aufgrund der Änderung eines Nachweis-Items erforderliche Aktion adressiert wurde	anzugeben
86	"Wenn der Status einer Aktion, die in einem Sicherungsprojekt aufgrund von Änderungen von Nachweis-Items erforderlich ist, ""noch ausstehend"" ist, muss die OPENCOSS-Plattform eine solche Aktion rot einfärben."	Wenn der Status einer Aktion	die	die OPENCOSS-Plattform		eine solche Aktion rot	einfärben
87	Wenn ein Nachweis-Item eines Sicherungsprojekts durch Änderungen anderer Nachweis-Items beeinträchtigt wurde, muss die OPENCOSS-Plattform ein solches Nachweis-Item rot einfärben.	Wenn ein Nachweis-Item eines Sicherungsprojekts durch Änderungen anderer Nachweis-Items beeinträchtigt wurde	muss	die OPENCOSS-Plattform		ein solches Nachweis-Item rot	einfärben
88	Wenn ein Nachweisrückverfolgbarkeitslink eines Sicherungsprojekts durch Änderungen von Nachweis-Items beeinträchtigt wurde, muss die OPENCOSS-Plattform einen solchen Link rot einfärben.	Wenn ein Nachweisrückverfolgbarkeitslink eines Sicherungsprojekts durch Änderungen von Nachweis-Items beeinträchtigt wurde	muss	die OPENCOSS-Plattform		einen solchen Link rot	einfärben
89	Die OPENCOSS-Plattform muss dem Nutzer die Möglichkeit bieten, Nachweis-Items für ein Sicherungsprojekt aus den Artefakten externer Werkzeuge zu importieren.		muss	Die OPENCOSS-Plattform	Nutzer	Nachweis-Items für ein Sicherungsprojekt aus den Artefakten externer Werkzeuge	importieren
90	Die OPENCOSS-Plattform muss fähig sein, ein Artefakt in einem externen Werkzeug automatisch mit einem Nachweis-Item eines Sicherungsprojekts, das aus dem externen Werkzeug importiert wurde, zu verknüpfen.		muss	Die OPENCOSS-Plattform		ein Artefakt in einem externen Werkzeug automatisch mit einem Nachweis-Item eines Sicherungsprojekts, das aus dem externen Werkzeug importiert wurde	verknüpfen
91	Die OPENCOSS-Plattform muss fähig sein, das Werkzeug, welches das Artefakt speichert, das mit einem aus einem externen Werkzeug importierten Nachweis-Item eines Sicherungsprojekts verbunden ist, automatisch anzuzeigen.		muss	Die OPENCOSS-Plattform		das Werkzeug, welches das Artefakt speichert, das mit einem aus einem externen Werkzeug importierten Nachweis-Item eines Sicherungsprojekts verbunden ist, automatisch	anzuzeigen
92	Die OPENCOSS-Plattform muss dem Nutzer die Möglichkeit bieten, Nachweisrückverfolgbarkeitslinks für ein Sicherungsprojekt aus einem externen Werkzeug zu importieren.		muss	Die OPENCOSS-Plattform	Nutzer	Nachweisrückverfolgbarkeitslinks für ein Sicherungsprojekt aus einem externen Werkzeug	importieren
93	Die OPENCOSS-Plattform muss fähig sein, ein Artefakt automatisch mit einem Nachweisrückverfolgbarkeitslinks eines Sicherungsprojekts, das aus einem externen Werkzeug importiert wurde, zu verknüpfen.		muss	Die OPENCOSS-Plattform		ein Artefakt automatisch mit einem Nachweisrückverfolgbarkeitslinks eines Sicherungsprojekts, das aus einem externen Werkzeug importiert wurde	verknüpfen
94	Die OPENCOSS-Plattform muss fähg sein, das Werkzeug, welches das Artefakt speichert, das über einen externen Nachweisrückverfolgbarkeitslink eines Sicherungsprojekts verknüpft ist, automatisch anzeigen.		muss	Die OPENCOSS-Plattform		fähg sein, das Werkzeug, welches das Artefakt speichert, das über einen externen Nachweisrückverfolgbarkeitslink eines Sicherungsprojekts verknüpft ist, automatisch	anzeigen
95	Die OPENCOSS-Plattform muss fähig sein, Nachweisrückverfolgbarkeitslinks eines Sicherungsprojekts in externe Werkzeuge zu exportieren.		muss	Die OPENCOSS-Plattform		Nachweisrückverfolgbarkeitslinks eines Sicherungsprojekts in externe Werkzeuge	exportieren
96	Das OPENCOSS muss fähig sein, Nachweise für ein Sicherungsprojekt aus SAEM-Modellen zu importieren.		muss	Das OPENCOSS		Nachweise für ein Sicherungsprojekt aus SAEM-Modellen	importieren
97	Die OPENCOSS-Plattform muss in der Lage sein, den Nachweis eines Sicherungsprojekts in Form eines SAEM-Modells zu exportieren.		muss	Die OPENCOSS-Plattform		in der Lage sein, den Nachweis eines Sicherungsprojekts in Form eines SAEM-Modells	exportieren
98	Wenn ein Nachweis-Item eines Sicherungsprojekts Informationen enthält, die aus einem Artefakt eines externen Werkzeug importiert wurden, und die Informationen im externen Werkzeug geändert werden, muss die OPENCOSS-Plattform eine solche Änderung erkennen und das Nachweis-Item entsprechend aktualisieren.	Wenn ein Nachweis-Item eines Sicherungsprojekts Informationen enthält, die aus einem Artefakt eines externen Werkzeug importiert wurden, und die Informationen im externen Werkzeug geändert werden	muss	die OPENCOSS-Plattform		eine solche Änderung erkennen und das Nachweis-Item entsprechend	aktualisieren
99	Wenn ein Nachweis-Item eines Sicherungsprojekts Informationen enthält, die aus einem externen Werkzeug importiert wurden, und die Informationen in der OPENCOSS-Plattform geändert werden, muss die OPENCOSS-Plattform eine solche Änderung erkennen und die Informationen im externen Werkzeug entsprechend aktualisieren.	Wenn ein Nachweis-Item eines Sicherungsprojekts Informationen enthält, die aus einem externen Werkzeug importiert wurden, und die Informationen in der OPENCOSS-Plattform geändert werden	muss	die OPENCOSS-Plattform		eine solche Änderung erkennen und die Informationen im externen Werkzeug entsprechend	aktualisieren
100	Wenn ein Nachweis-Item eines Sicherungsprojekts Informationen enthält, die aus einem externen Werkzeug importiert wurden, und die Informationen in der OPENCOSS-Plattform geändert werden, muss die OPENCOSS-Plattform eine solche Änderung anzeigen.	Wenn ein Nachweis-Item eines Sicherungsprojekts Informationen enthält, die aus einem externen Werkzeug importiert wurden, und die Informationen in der OPENCOSS-Plattform geändert werden	muss	die OPENCOSS-Plattform		eine solche Änderung	anzeigen
101	Wenn ein Nachweis-Item eines Sicherungsprojekts Informationen enthält, die aus einem externen Werkzeug importiert wurden, und die Informationen im externen Werkzeug geändert werden, muss die OPENCOSS-Plattform eine solche Änderung anzeigen.	Wenn ein Nachweis-Item eines Sicherungsprojekts Informationen enthält, die aus einem externen Werkzeug importiert wurden, und die Informationen im externen Werkzeug geändert werden	muss	die OPENCOSS-Plattform		eine solche Änderung	anzeigen
102	Wenn ein Nachweis-Item eines Sicherungsprojekts Informationen enthält, die aus einem externen Werkzeug importiert wurden, und die Informationen in der OPENCOSS-Plattform geändert werden, muss die OPENCOSS-Plattform eine solche Änderung durch eine rote Einfärbung des Nachweis-Item anzeigen.	Wenn ein Nachweis-Item eines Sicherungsprojekts Informationen enthält, die aus einem externen Werkzeug importiert wurden, und die Informationen in der OPENCOSS-Plattform geändert werden	muss	die OPENCOSS-Plattform		eine solche Änderung durch eine rote Einfärbung des Nachweis-Item	anzeigen
103	Wenn ein Nachweis-Item eines Sicherungsprojekts Informationen enthält, die aus einem externen Werkzeug importiert wurden, und die Informationen im externen Werkzeug geändert werden, muss die OPENCOSS-Plattform eine solche Änderung durch eine rote Einfärbung des Nachweis-Item anzeigen.	Wenn ein Nachweis-Item eines Sicherungsprojekts Informationen enthält, die aus einem externen Werkzeug importiert wurden, und die Informationen im externen Werkzeug geändert werden	muss	die OPENCOSS-Plattform		eine solche Änderung durch eine rote Einfärbung des Nachweis-Item	anzeigen
104	Wenn ein Nachweisrückverfolgbarkeitslink eines Sicherungsprojekts Informationen enthält, die aus einem externen Werkzeug importiert wurden, und die Informationen im externen Werkzeug geändert werden, muss die OPENCOSS-Plattform eine solche Änderung erkennen und den Nachweisrückverfolgbarkeitslink entsprechend aktualisieren.	Wenn ein Nachweisrückverfolgbarkeitslink eines Sicherungsprojekts Informationen enthält, die aus einem externen Werkzeug importiert wurden, und die Informationen im externen Werkzeug geändert werden	muss	die OPENCOSS-Plattform		eine solche Änderung erkennen und den Nachweisrückverfolgbarkeitslink entsprechend	aktualisieren
105	Wenn ein Nachweisrückverfolgbarkeitslink eines Sicherungsprojekts Informationen enthält, die aus einem externen Werkzeug importiert wurden, und die Informationen in der OPENCOSS-Plattform geändert werden, muss die OPENCOSS-Plattform eine solche Änderung erkennen und die Informationen im externen Werkzeug entsprechend aktualisieren.	Wenn ein Nachweisrückverfolgbarkeitslink eines Sicherungsprojekts Informationen enthält, die aus einem externen Werkzeug importiert wurden, und die Informationen in der OPENCOSS-Plattform geändert werden	muss	die OPENCOSS-Plattform		eine solche Änderung erkennen und die Informationen im externen Werkzeug entsprechend	aktualisieren
106	Wenn ein Nachweisrückverfolgbarkeitslinks eines Sicherungsprojekts Informationen enthält, die aus einem externen Werkzeug importiert wurden, und die Informationen in der OPENCOSS-Plattform geändert werden, muss die OPENCOSS-Plattform eine solche Änderung anzeigen.	Wenn ein Nachweisrückverfolgbarkeitslinks eines Sicherungsprojekts Informationen enthält, die aus einem externen Werkzeug importiert wurden, und die Informationen in der OPENCOSS-Plattform geändert werden	muss	die OPENCOSS-Plattform		eine solche Änderung	anzeigen
107	Wenn ein Nachweisrückverfolgbarkeitslinks eines Sicherungsprojekts Informationen enthält, die aus einem externen Werkzeug importiert wurden, und die Informationen im externen Werkzeug geändert werden, muss die OPENCOSS-Plattform eine solche Änderung anzeigen.	Wenn ein Nachweisrückverfolgbarkeitslinks eines Sicherungsprojekts Informationen enthält, die aus einem externen Werkzeug importiert wurden, und die Informationen im externen Werkzeug geändert werden	muss	die OPENCOSS-Plattform		eine solche Änderung	anzeigen
108	Wenn ein Nachweisrückverfolgbarkeitslink eines Sicherungsprojekts Informationen enthält, die aus einem externen Werkzeug importiert wurden, und die Informationen in der OPENCOSS-Plattform geändert werden, muss die OPENCOSS-Plattform eine solche Änderung durch eine rote Einfärbung des Nachweisrückverfolgbarkeitslink anzeigen.	Wenn ein Nachweisrückverfolgbarkeitslink eines Sicherungsprojekts Informationen enthält, die aus einem externen Werkzeug importiert wurden, und die Informationen in der OPENCOSS-Plattform geändert werden	muss	die OPENCOSS-Plattform		eine solche Änderung durch eine rote Einfärbung des Nachweisrückverfolgbarkeitslink	anzeigen
109	Wenn ein Nachweisrückverfolgbarkeitslink eines Sicherungsprojekts Informationen enthält, die aus einem externen Werkzeug importiert wurden, und die Informationen im externen Werkzeug geändert werden, muss die OPENCOSS-Plattform eine solche Änderung durch rote Einfärbung des Nachweisrückverfolgbarkeitslinks anzeigen.	Wenn ein Nachweisrückverfolgbarkeitslink eines Sicherungsprojekts Informationen enthält, die aus einem externen Werkzeug importiert wurden, und die Informationen im externen Werkzeug geändert werden	muss	die OPENCOSS-Plattform		eine solche Änderung durch rote Einfärbung des Nachweisrückverfolgbarkeitslinks	anzeigen
